{
  "id": "3ef6b12d-bb5e-4d4c-accd-bcf9e6d13b29",
  "name": "AnnotationsList",
  "isOverridable": true,
  "entries": [
    {
      "value": "One",
      "synonyms": [
        "One"
      ]
    },
    {
      "value": "Ten",
      "synonyms": [
        "Ten"
      ]
    },
    {
      "value": "Top",
      "synonyms": [
        "Top"
      ]
    },
    {
      "value": "Latest",
      "synonyms": [
        "Latest",
        "Current"
      ]
    }
  ],
  "isEnum": false,
  "automatedExpansion": false
}